,date,areaName,newCasesByPublishDate,cumCasesByPublishDate,newDeaths28DaysByPublishDate,cumDeaths28DaysByPublishDate,newDeaths28DaysByDeathDate,cumDeaths28DaysByDeathDate
0,2020-01-31,United Kingdom,2,2,0.0,0.0,0.0,0.0
1,2020-02-01,United Kingdom,0,2,0.0,0.0,0.0,0.0
2,2020-02-02,United Kingdom,0,2,0.0,0.0,0.0,0.0
3,2020-02-03,United Kingdom,0,2,0.0,0.0,0.0,0.0
4,2020-02-04,United Kingdom,0,2,0.0,0.0,0.0,0.0
5,2020-02-05,United Kingdom,0,2,0.0,0.0,0.0,0.0
6,2020-02-06,United Kingdom,1,3,0.0,0.0,0.0,0.0
7,2020-02-07,United Kingdom,0,3,0.0,0.0,0.0,0.0
8,2020-02-08,United Kingdom,0,3,0.0,0.0,0.0,0.0
9,2020-02-09,United Kingdom,1,4,0.0,0.0,0.0,0.0
10,2020-02-10,United Kingdom,4,8,0.0,0.0,0.0,0.0
11,2020-02-11,United Kingdom,0,8,0.0,0.0,0.0,0.0
12,2020-02-12,United Kingdom,0,8,0.0,0.0,0.0,0.0
13,2020-02-13,United Kingdom,1,9,0.0,0.0,0.0,0.0
14,2020-02-14,United Kingdom,0,9,0.0,0.0,0.0,0.0
15,2020-02-15,United Kingdom,0,9,0.0,0.0,0.0,0.0
16,2020-02-16,United Kingdom,0,9,0.0,0.0,0.0,0.0
17,2020-02-17,United Kingdom,0,9,0.0,0.0,0.0,0.0
18,2020-02-18,United Kingdom,0,9,0.0,0.0,0.0,0.0
19,2020-02-19,United Kingdom,0,9,0.0,0.0,0.0,0.0
20,2020-02-20,United Kingdom,0,9,0.0,0.0,0.0,0.0
21,2020-02-21,United Kingdom,0,9,0.0,0.0,0.0,0.0
22,2020-02-22,United Kingdom,0,9,0.0,0.0,0.0,0.0
23,2020-02-23,United Kingdom,0,9,0.0,0.0,0.0,0.0
24,2020-02-24,United Kingdom,4,13,0.0,0.0,0.0,0.0
25,2020-02-25,United Kingdom,0,13,0.0,0.0,0.0,0.0
26,2020-02-26,United Kingdom,0,13,0.0,0.0,0.0,0.0
27,2020-02-27,United Kingdom,0,13,0.0,0.0,0.0,0.0
28,2020-02-28,United Kingdom,6,19,0.0,0.0,0.0,0.0
29,2020-02-29,United Kingdom,4,23,0.0,0.0,0.0,0.0
30,2020-03-01,United Kingdom,12,35,0.0,0.0,0.0,0.0
31,2020-03-02,United Kingdom,5,40,0.0,0.0,0.0,0.0
32,2020-03-03,United Kingdom,11,51,0.0,0.0,0.0,0.0
33,2020-03-04,United Kingdom,34,85,0.0,0.0,0.0,0.0
34,2020-03-05,United Kingdom,29,114,0.0,0.0,0.0,0.0
35,2020-03-06,United Kingdom,46,160,1.0,1.0,0.0,0.0
36,2020-03-07,United Kingdom,46,206,1.0,2.0,0.0,0.0
37,2020-03-08,United Kingdom,65,271,0.0,2.0,0.0,0.0
38,2020-03-09,United Kingdom,50,321,1.0,3.0,0.0,0.0
39,2020-03-10,United Kingdom,52,373,4.0,7.0,0.0,0.0
40,2020-03-11,United Kingdom,83,456,0.0,7.0,0.0,0.0
41,2020-03-12,United Kingdom,134,590,2.0,9.0,0.0,0.0
42,2020-03-13,United Kingdom,207,797,1.0,10.0,0.0,0.0
43,2020-03-14,United Kingdom,264,1061,18.0,29.0,0.0,0.0
44,2020-03-15,United Kingdom,330,1391,14.0,43.0,0.0,0.0
45,2020-03-16,United Kingdom,152,1543,22.0,65.0,0.0,0.0
46,2020-03-17,United Kingdom,407,1950,16.0,82.0,0.0,0.0
47,2020-03-18,United Kingdom,676,2626,34.0,116.0,0.0,0.0
48,2020-03-19,United Kingdom,643,3269,45.0,162.0,0.0,0.0
49,2020-03-20,United Kingdom,714,3983,32.0,194.0,0.0,0.0
50,2020-03-21,United Kingdom,1035,5018,58.0,252.0,0.0,0.0
51,2020-03-22,United Kingdom,665,5683,36.0,288.0,0.0,0.0
52,2020-03-23,United Kingdom,967,6650,76.0,364.0,0.0,0.0
53,2020-03-24,United Kingdom,1427,8077,148.0,512.0,0.0,0.0
54,2020-03-25,United Kingdom,1452,9529,191.0,703.0,0.0,0.0
55,2020-03-26,United Kingdom,2129,11658,181.0,884.0,0.0,0.0
56,2020-03-27,United Kingdom,2890,14548,288.0,1172.0,0.0,0.0
57,2020-03-28,United Kingdom,2556,17104,292.0,1464.0,0.0,0.0
58,2020-03-29,United Kingdom,2502,19606,212.0,1676.0,0.0,0.0
59,2020-03-30,United Kingdom,2665,22271,374.0,2050.0,0.0,0.0
60,2020-03-31,United Kingdom,3250,25521,403.0,2453.0,0.0,0.0
61,2020-04-01,United Kingdom,4567,30088,672.0,3125.0,0.0,0.0
62,2020-04-02,United Kingdom,4522,34610,657.0,3782.0,0.0,0.0
63,2020-04-03,United Kingdom,4672,39282,736.0,4518.0,0.0,0.0
64,2020-04-04,United Kingdom,4000,43282,756.0,5274.0,0.0,0.0
65,2020-04-05,United Kingdom,6199,49481,599.0,5873.0,0.0,0.0
66,2020-04-06,United Kingdom,4143,53624,567.0,6440.0,0.0,0.0
67,2020-04-07,United Kingdom,3888,57512,1105.0,7545.0,0.0,0.0
68,2020-04-08,United Kingdom,5865,63377,1030.0,8575.0,0.0,0.0
69,2020-04-09,United Kingdom,4675,68052,1116.0,9691.0,0.0,0.0
70,2020-04-10,United Kingdom,5706,73758,1122.0,10813.0,0.0,0.0
71,2020-04-11,United Kingdom,5234,78991,843.0,11656.0,0.0,0.0
72,2020-04-12,United Kingdom,5288,84279,657.0,12313.0,0.0,0.0
73,2020-04-13,United Kingdom,4342,88621,724.0,13037.0,0.0,0.0
74,2020-04-14,United Kingdom,5252,93873,1076.0,14113.0,0.0,0.0
75,2020-04-15,United Kingdom,4605,98476,880.0,14993.0,0.0,0.0
76,2020-04-16,United Kingdom,4618,103093,1036.0,16029.0,0.0,0.0
77,2020-04-17,United Kingdom,5599,108692,913.0,16942.0,0.0,0.0
78,2020-04-18,United Kingdom,5526,114217,1105.0,18047.0,0.0,0.0
79,2020-04-19,United Kingdom,5850,120067,432.0,18479.0,0.0,0.0
80,2020-04-20,United Kingdom,4676,124743,570.0,19049.0,0.0,0.0
81,2020-04-21,United Kingdom,4301,129044,1224.0,20273.0,0.0,0.0
82,2020-04-22,United Kingdom,4451,133495,847.0,21120.0,0.0,0.0
83,2020-04-23,United Kingdom,4583,138078,682.0,21802.0,0.0,0.0
84,2020-04-24,United Kingdom,5386,143464,1010.0,22812.0,0.0,0.0
85,2020-04-25,United Kingdom,4913,148377,815.0,23627.0,0.0,0.0
86,2020-04-26,United Kingdom,4463,152840,364.0,23991.0,0.0,0.0
87,2020-04-27,United Kingdom,4310,157149,320.0,24311.0,0.0,0.0
88,2020-04-28,United Kingdom,3996,161145,969.0,25280.0,0.0,0.0
89,2020-04-29,United Kingdom,4076,165221,769.0,26049.0,0.0,0.0
90,2020-04-30,United Kingdom,6032,171253,634.0,26683.0,0.0,0.0
91,2020-05-01,United Kingdom,6201,177454,698.0,27381.0,0.0,0.0
92,2020-05-02,United Kingdom,4806,182260,584.0,27965.0,0.0,0.0
93,2020-05-03,United Kingdom,4339,186599,253.0,28218.0,0.0,0.0
94,2020-05-04,United Kingdom,3985,190584,272.0,28490.0,0.0,0.0
95,2020-05-05,United Kingdom,4406,194990,726.0,29216.0,0.0,0.0
96,2020-05-06,United Kingdom,6111,201101,647.0,29863.0,0.0,0.0
97,2020-05-07,United Kingdom,5614,206715,458.0,30321.0,0.0,0.0
98,2020-05-08,United Kingdom,4649,211364,579.0,30900.0,0.0,0.0
99,2020-05-09,United Kingdom,3896,215260,275.0,31175.0,0.0,0.0
100,2020-05-10,United Kingdom,3923,219183,217.0,31392.0,0.0,0.0
101,2020-05-11,United Kingdom,3877,223060,187.0,31579.0,0.0,0.0
102,2020-05-12,United Kingdom,3403,226463,614.0,32193.0,0.0,0.0
103,2020-05-13,United Kingdom,3242,229705,447.0,32640.0,0.0,0.0
104,2020-05-14,United Kingdom,3446,233151,352.0,32992.0,0.0,0.0
105,2020-05-15,United Kingdom,3560,236711,350.0,33342.0,0.0,0.0
106,2020-05-16,United Kingdom,3451,240161,411.0,33753.0,0.0,0.0
107,2020-05-17,United Kingdom,3562,243723,67.0,33820.0,0.0,0.0
108,2020-05-18,United Kingdom,2684,246406,146.0,33966.0,0.0,0.0
109,2020-05-19,United Kingdom,2412,248818,500.0,34466.0,0.0,0.0
110,2020-05-20,United Kingdom,2472,248293,328.0,34794.0,0.0,0.0
111,2020-05-21,United Kingdom,2615,250908,273.0,35067.0,0.0,0.0
112,2020-05-22,United Kingdom,3287,254195,291.0,35358.0,0.0,0.0
113,2020-05-23,United Kingdom,2959,257154,220.0,35578.0,0.0,0.0
114,2020-05-24,United Kingdom,2409,259559,379.0,35957.0,0.0,0.0
115,2020-05-25,United Kingdom,1625,261184,104.0,36061.0,0.0,0.0
116,2020-05-26,United Kingdom,2004,265227,131.0,36192.0,0.0,0.0
117,2020-05-27,United Kingdom,2013,267240,422.0,36614.0,0.0,0.0
118,2020-05-28,United Kingdom,1887,269127,343.0,36957.0,0.0,0.0
119,2020-05-29,United Kingdom,2095,271222,274.0,37231.0,0.0,0.0
120,2020-05-30,United Kingdom,2445,272826,154.0,37385.0,0.0,0.0
121,2020-05-31,United Kingdom,1936,274762,60.0,37445.0,0.0,0.0
122,2020-06-01,United Kingdom,1570,276332,86.0,37531.0,0.0,0.0
123,2020-06-02,United Kingdom,1613,277985,249.0,37780.0,0.0,0.0
124,2020-06-03,United Kingdom,1871,279856,254.0,38034.0,0.0,0.0
125,2020-06-04,United Kingdom,1805,281661,130.0,38164.0,0.0,0.0
126,2020-06-05,United Kingdom,1650,283311,258.0,38422.0,0.0,0.0
127,2020-06-06,United Kingdom,1557,284868,143.0,38565.0,0.0,0.0
128,2020-06-07,United Kingdom,1326,286194,54.0,38619.0,0.0,0.0
129,2020-06-08,United Kingdom,1205,287399,47.0,38666.0,0.0,0.0
130,2020-06-09,United Kingdom,1387,289140,195.0,38861.0,0.0,0.0
131,2020-06-10,United Kingdom,1003,290143,164.0,39025.0,0.0,0.0
132,2020-06-11,United Kingdom,1266,291409,76.0,39101.0,0.0,0.0
133,2020-06-12,United Kingdom,1541,292950,131.0,39232.0,0.0,0.0
134,2020-06-13,United Kingdom,1425,294375,107.0,39339.0,0.0,0.0
135,2020-06-14,United Kingdom,1514,295889,27.0,39366.0,0.0,0.0
136,2020-06-15,United Kingdom,1056,296857,29.0,39395.0,0.0,0.0
137,2020-06-16,United Kingdom,1279,298136,120.0,39515.0,0.0,0.0
138,2020-06-17,United Kingdom,1115,299251,110.0,39625.0,0.0,0.0
139,2020-06-18,United Kingdom,1218,300469,67.0,39692.0,0.0,0.0
140,2020-06-19,United Kingdom,1346,301815,84.0,39776.0,0.0,0.0
141,2020-06-20,United Kingdom,1295,303110,71.0,39847.0,0.0,0.0
142,2020-06-21,United Kingdom,1221,304331,31.0,39878.0,0.0,0.0
143,2020-06-22,United Kingdom,958,305289,14.0,39892.0,0.0,0.0
144,2020-06-23,United Kingdom,874,306210,94.0,39986.0,0.0,0.0
145,2020-06-24,United Kingdom,653,306862,87.0,40073.0,0.0,0.0
146,2020-06-25,United Kingdom,1118,307980,99.0,40172.0,0.0,0.0
147,2020-06-26,United Kingdom,1006,309360,79.0,40249.0,0.0,0.0
148,2020-06-27,United Kingdom,890,310250,40.0,40289.0,0.0,0.0
149,2020-06-28,United Kingdom,901,311151,31.0,40320.0,0.0,0.0
150,2020-06-29,United Kingdom,815,311965,21.0,40341.0,0.0,0.0
151,2020-06-30,United Kingdom,689,312654,53.0,40394.0,0.0,0.0
152,2020-07-01,United Kingdom,829,313483,97.0,40491.0,0.0,0.0
153,2020-07-02,United Kingdom,576,283757,41.0,40532.0,0.0,0.0
154,2020-07-03,United Kingdom,544,284276,50.0,40581.0,0.0,0.0
155,2020-07-04,United Kingdom,624,284900,32.0,40613.0,0.0,0.0
156,2020-07-05,United Kingdom,516,285416,19.0,40632.0,0.0,0.0
157,2020-07-06,United Kingdom,343,285768,11.0,40643.0,0.0,0.0
158,2020-07-07,United Kingdom,581,286349,54.0,40697.0,0.0,0.0
159,2020-07-08,United Kingdom,630,286979,57.0,40754.0,0.0,0.0
160,2020-07-09,United Kingdom,642,287621,31.0,40785.0,0.0,0.0
161,2020-07-10,United Kingdom,512,288133,34.0,40819.0,0.0,0.0
162,2020-07-11,United Kingdom,820,288953,17.0,40836.0,0.0,0.0
163,2020-07-12,United Kingdom,650,289603,9.0,40845.0,0.0,0.0
164,2020-07-13,United Kingdom,530,290133,10.0,40855.0,0.0,0.0
165,2020-07-14,United Kingdom,398,291373,44.0,40899.0,0.0,0.0
166,2020-07-15,United Kingdom,538,291911,26.0,40925.0,0.0,0.0
167,2020-07-16,United Kingdom,642,292552,24.0,40949.0,0.0,0.0
168,2020-07-17,United Kingdom,687,293239,26.0,40975.0,0.0,0.0
169,2020-07-18,United Kingdom,827,294066,9.0,40984.0,0.0,0.0
170,2020-07-19,United Kingdom,726,294792,11.0,40995.0,0.0,0.0
171,2020-07-20,United Kingdom,557,295372,10.0,41005.0,0.0,0.0
172,2020-07-21,United Kingdom,445,295817,25.0,41030.0,0.0,0.0
173,2020-07-22,United Kingdom,560,296377,17.0,41047.0,0.0,0.0
174,2020-07-23,United Kingdom,769,297146,9.0,41056.0,0.0,0.0
175,2020-07-24,United Kingdom,768,297914,32.0,41088.0,0.0,0.0
176,2020-07-25,United Kingdom,767,298681,15.0,41103.0,0.0,0.0
177,2020-07-26,United Kingdom,745,299426,8.0,41111.0,0.0,0.0
178,2020-07-27,United Kingdom,685,300111,3.0,41114.0,0.0,0.0
179,2020-07-28,United Kingdom,581,300692,21.0,41135.0,0.0,0.0
180,2020-07-29,United Kingdom,763,301455,34.0,41169.0,0.0,0.0
181,2020-07-30,United Kingdom,846,302301,0.0,41169.0,0.0,0.0
182,2020-07-31,United Kingdom,880,303181,20.0,41189.0,0.0,0.0
183,2020-08-01,United Kingdom,761,303942,13.0,41202.0,0.0,0.0
184,2020-08-02,United Kingdom,744,304685,5.0,41207.0,0.0,0.0
185,2020-08-03,United Kingdom,898,305623,1.0,41208.0,0.0,0.0
186,2020-08-04,United Kingdom,670,306293,18.0,41226.0,0.0,0.0
187,2020-08-05,United Kingdom,892,307184,14.0,41240.0,0.0,0.0
188,2020-08-06,United Kingdom,950,308134,18.0,41258.0,0.0,0.0
189,2020-08-07,United Kingdom,871,309005,12.0,41270.0,0.0,0.0
190,2020-08-08,United Kingdom,758,309763,3.0,41273.0,0.0,0.0
191,2020-08-09,United Kingdom,1062,310825,5.0,41278.0,0.0,0.0
192,2020-08-10,United Kingdom,740,311641,18.0,41296.0,0.0,0.0
193,2020-08-11,United Kingdom,1148,312789,13.0,41309.0,0.0,0.0
194,2020-08-12,United Kingdom,1009,313798,20.0,41329.0,0.0,0.0
195,2020-08-13,United Kingdom,1129,314927,18.0,41347.0,0.0,0.0
196,2020-08-14,United Kingdom,1441,316367,11.0,41358.0,0.0,0.0
197,2020-08-15,United Kingdom,1077,317444,3.0,41361.0,0.0,0.0
198,2020-08-16,United Kingdom,1040,318484,5.0,41366.0,0.0,0.0
199,2020-08-17,United Kingdom,713,319197,3.0,41369.0,0.0,0.0
200,2020-08-18,United Kingdom,1089,320286,12.0,41381.0,0.0,0.0
201,2020-08-19,United Kingdom,812,321098,16.0,41397.0,0.0,0.0
202,2020-08-20,United Kingdom,1182,322280,6.0,41403.0,0.0,0.0
203,2020-08-21,United Kingdom,1033,323313,2.0,41405.0,0.0,0.0
204,2020-08-22,United Kingdom,1288,324601,18.0,41423.0,0.0,0.0
205,2020-08-23,United Kingdom,1160,325761,6.0,41429.0,0.0,0.0
206,2020-08-24,United Kingdom,853,326614,4.0,41433.0,0.0,0.0
207,2020-08-25,United Kingdom,1184,327798,16.0,41449.0,0.0,0.0
208,2020-08-26,United Kingdom,1048,328846,16.0,41465.0,0.0,0.0
209,2020-08-27,United Kingdom,1522,330368,12.0,41477.0,0.0,0.0
210,2020-08-28,United Kingdom,1276,331644,9.0,41486.0,0.0,0.0
211,2020-08-29,United Kingdom,1108,332752,12.0,41498.0,0.0,0.0
212,2020-08-30,United Kingdom,1715,334467,1.0,41499.0,0.0,0.0
213,2020-08-31,United Kingdom,1406,335873,2.0,41501.0,0.0,0.0
214,2020-09-01,United Kingdom,1295,337168,3.0,41504.0,0.0,0.0
215,2020-09-02,United Kingdom,1508,338676,10.0,41514.0,0.0,0.0
216,2020-09-03,United Kingdom,1735,340411,13.0,41527.0,0.0,0.0
217,2020-09-04,United Kingdom,1940,342351,10.0,41537.0,0.0,0.0
218,2020-09-05,United Kingdom,1813,344164,12.0,41549.0,0.0,0.0
219,2020-09-06,United Kingdom,2988,347152,2.0,41551.0,0.0,0.0
220,2020-09-07,United Kingdom,2948,350100,3.0,41554.0,0.0,0.0
221,2020-09-08,United Kingdom,2460,352560,32.0,41586.0,0.0,0.0
222,2020-09-09,United Kingdom,2659,355219,8.0,41594.0,0.0,0.0
223,2020-09-10,United Kingdom,2919,358138,14.0,41608.0,0.0,0.0
224,2020-09-11,United Kingdom,3539,361677,6.0,41614.0,0.0,0.0
225,2020-09-12,United Kingdom,3497,365174,9.0,41623.0,0.0,0.0
226,2020-09-13,United Kingdom,3330,368504,5.0,41628.0,0.0,0.0
227,2020-09-14,United Kingdom,2621,371125,9.0,41637.0,0.0,0.0
228,2020-09-15,United Kingdom,3105,374228,27.0,41664.0,0.0,0.0
229,2020-09-16,United Kingdom,3991,378219,20.0,41684.0,0.0,0.0
230,2020-09-17,United Kingdom,3395,381614,21.0,41705.0,0.0,0.0
231,2020-09-18,United Kingdom,4322,385936,27.0,41732.0,0.0,0.0
232,2020-09-19,United Kingdom,4422,390358,27.0,41759.0,0.0,0.0
233,2020-09-20,United Kingdom,3899,394257,18.0,41777.0,0.0,0.0
234,2020-09-21,United Kingdom,4368,398625,11.0,41788.0,0.0,0.0
235,2020-09-22,United Kingdom,4926,403551,37.0,41825.0,0.0,0.0
236,2020-09-23,United Kingdom,6178,409729,37.0,41862.0,0.0,0.0
237,2020-09-24,United Kingdom,6634,416363,40.0,41902.0,0.0,0.0
238,2020-09-25,United Kingdom,6874,423236,35.0,41937.0,0.0,0.0
239,2020-09-26,United Kingdom,6042,429277,34.0,41971.0,0.0,0.0
240,2020-09-27,United Kingdom,5693,434969,17.0,41988.0,0.0,0.0
241,2020-09-28,United Kingdom,4044,439013,13.0,42001.0,0.0,0.0
242,2020-09-29,United Kingdom,7143,446156,71.0,42072.0,0.0,0.0
243,2020-09-30,United Kingdom,7108,453264,71.0,42143.0,0.0,0.0
244,2020-10-01,United Kingdom,6914,460178,59.0,42202.0,0.0,0.0
245,2020-10-02,United Kingdom,6968,467146,66.0,42268.0,0.0,0.0
246,2020-10-03,United Kingdom,12872,480017,49.0,42317.0,0.0,0.0
247,2020-10-04,United Kingdom,22961,502978,33.0,42350.0,0.0,0.0
248,2020-10-05,United Kingdom,12594,515571,19.0,42369.0,0.0,0.0
249,2020-10-06,United Kingdom,14542,530113,76.0,42445.0,0.0,0.0
250,2020-10-07,United Kingdom,14162,544275,70.0,42515.0,0.0,0.0
251,2020-10-08,United Kingdom,17540,561815,77.0,42592.0,0.0,0.0
252,2020-10-09,United Kingdom,13864,575679,87.0,42679.0,0.0,0.0
253,2020-10-10,United Kingdom,15166,590844,81.0,42760.0,0.0,0.0
254,2020-10-11,United Kingdom,12872,603716,65.0,42825.0,0.0,0.0
255,2020-10-12,United Kingdom,13972,617688,50.0,42875.0,0.0,0.0
256,2020-10-13,United Kingdom,17234,634920,143.0,43018.0,0.0,0.0
257,2020-10-14,United Kingdom,19724,654644,137.0,43155.0,0.0,0.0
258,2020-10-15,United Kingdom,18980,673622,138.0,43293.0,0.0,0.0
259,2020-10-16,United Kingdom,15650,689257,136.0,43429.0,0.0,0.0
260,2020-10-17,United Kingdom,16171,705428,150.0,43579.0,0.0,0.0
261,2020-10-18,United Kingdom,16982,722409,67.0,43646.0,0.0,0.0
262,2020-10-19,United Kingdom,18804,741212,80.0,43726.0,0.0,0.0
263,2020-10-20,United Kingdom,21331,762542,241.0,43967.0,0.0,0.0
264,2020-10-21,United Kingdom,26688,789229,191.0,44158.0,0.0,0.0
265,2020-10-22,United Kingdom,21242,810467,189.0,44347.0,0.0,0.0
266,2020-10-23,United Kingdom,20530,830998,224.0,44571.0,0.0,0.0
267,2020-10-24,United Kingdom,23012,854010,174.0,44745.0,0.0,0.0
268,2020-10-25,United Kingdom,19790,873800,151.0,44896.0,0.0,0.0
269,2020-10-26,United Kingdom,20890,894690,102.0,44998.0,0.0,0.0
270,2020-10-27,United Kingdom,22885,917575,367.0,45365.0,0.0,0.0
271,2020-10-28,United Kingdom,24701,942275,310.0,45675.0,0.0,0.0
272,2020-10-29,United Kingdom,23065,965340,280.0,45955.0,0.0,0.0
273,2020-10-30,United Kingdom,24405,989745,274.0,46229.0,0.0,0.0
274,2020-10-31,United Kingdom,21915,1011660,326.0,46555.0,0.0,0.0
275,2020-11-01,United Kingdom,23254,1034914,162.0,46717.0,0.0,0.0
276,2020-11-02,United Kingdom,18950,1053864,136.0,46853.0,0.0,0.0
277,2020-11-03,United Kingdom,20018,1073882,397.0,47250.0,0.0,0.0
278,2020-11-04,United Kingdom,25177,1099059,492.0,47742.0,0.0,0.0
279,2020-11-05,United Kingdom,24141,1123197,378.0,48120.0,0.0,0.0
280,2020-11-06,United Kingdom,23287,1146484,355.0,48475.0,0.0,0.0
281,2020-11-07,United Kingdom,24957,1171441,413.0,48888.0,0.0,0.0
282,2020-11-08,United Kingdom,20572,1192013,156.0,49044.0,0.0,0.0
283,2020-11-09,United Kingdom,21350,1213363,194.0,49238.0,0.0,0.0
284,2020-11-10,United Kingdom,20412,1233775,532.0,49770.0,0.0,0.0
285,2020-11-11,United Kingdom,22950,1256725,595.0,50365.0,0.0,0.0
286,2020-11-12,United Kingdom,33470,1290195,563.0,50928.0,0.0,0.0
287,2020-11-13,United Kingdom,27301,1317496,376.0,51304.0,0.0,0.0
288,2020-11-14,United Kingdom,26860,1344356,462.0,51766.0,0.0,0.0
289,2020-11-15,United Kingdom,24962,1369318,168.0,51934.0,0.0,0.0
290,2020-11-16,United Kingdom,21363,1390681,213.0,52147.0,0.0,0.0
291,2020-11-17,United Kingdom,20051,1410732,598.0,52745.0,0.0,0.0
292,2020-11-18,United Kingdom,19609,1430341,529.0,53274.0,0.0,0.0
293,2020-11-19,United Kingdom,22915,1453256,501.0,53775.0,0.0,0.0
294,2020-11-20,United Kingdom,20252,1473508,511.0,54286.0,0.0,0.0
295,2020-11-21,United Kingdom,19875,1493383,341.0,54626.0,0.0,0.0
296,2020-11-22,United Kingdom,18662,1512045,398.0,55024.0,0.0,0.0
297,2020-11-23,United Kingdom,15450,1527495,206.0,55230.0,0.0,0.0
298,2020-11-24,United Kingdom,11299,1538794,608.0,55838.0,0.0,0.0
299,2020-11-25,United Kingdom,18213,1557007,696.0,56533.0,0.0,0.0
300,2020-11-26,United Kingdom,17555,1574562,498.0,57031.0,0.0,0.0
301,2020-11-27,United Kingdom,16022,1589301,521.0,57551.0,0.0,0.0
302,2020-11-28,United Kingdom,15871,1605172,479.0,58030.0,0.0,0.0
303,2020-11-29,United Kingdom,12155,1617327,215.0,58245.0,0.0,0.0
304,2020-11-30,United Kingdom,12330,1629657,205.0,58448.0,0.0,0.0
305,2020-12-01,United Kingdom,13430,1643086,603.0,59051.0,0.0,0.0
306,2020-12-02,United Kingdom,16170,1659256,648.0,59699.0,0.0,0.0
307,2020-12-03,United Kingdom,14879,1674134,414.0,60113.0,0.0,0.0
308,2020-12-04,United Kingdom,16298,1690432,504.0,60617.0,0.0,0.0
309,2020-12-05,United Kingdom,15539,1705971,397.0,61014.0,0.0,0.0
310,2020-12-06,United Kingdom,17272,1723242,231.0,61245.0,0.0,0.0
311,2020-12-07,United Kingdom,14718,1737960,189.0,61434.0,0.0,0.0
312,2020-12-08,United Kingdom,12282,1750241,616.0,62033.0,0.0,0.0
313,2020-12-09,United Kingdom,16578,1766819,533.0,62566.0,0.0,0.0
314,2020-12-10,United Kingdom,20964,1787783,516.0,63082.0,0.0,0.0
315,2020-12-11,United Kingdom,21672,1809455,424.0,63506.0,0.0,0.0
316,2020-12-12,United Kingdom,21502,1830956,519.0,64026.0,0.0,0.0
317,2020-12-13,United Kingdom,18447,1849403,144.0,64170.0,0.0,0.0
318,2020-12-14,United Kingdom,20263,1869666,232.0,64402.0,0.0,0.0
319,2020-12-15,United Kingdom,18450,1888116,506.0,64908.0,0.0,0.0
320,2020-12-16,United Kingdom,25161,1913277,613.0,65520.0,0.0,0.0
321,2020-12-17,United Kingdom,35383,1948660,532.0,66052.0,0.0,0.0
322,2020-12-18,United Kingdom,28507,1977167,489.0,66541.0,0.0,0.0
323,2020-12-19,United Kingdom,27052,2004219,534.0,67075.0,0.0,0.0
324,2020-12-20,United Kingdom,35928,2040147,326.0,67401.0,0.0,0.0
325,2020-12-21,United Kingdom,33364,2073511,215.0,67616.0,0.0,0.0
326,2020-12-22,United Kingdom,36804,2110314,691.0,68307.0,0.0,0.0
327,2020-12-23,United Kingdom,39237,2149551,744.0,69051.0,0.0,0.0
328,2020-12-24,United Kingdom,39877,2189428,585.0,69636.0,0.0,0.0
329,2020-12-25,United Kingdom,32725,2222153,613.0,70249.0,0.0,0.0
330,2020-12-26,United Kingdom,35691,2257844,230.0,70479.0,0.0,0.0
331,2020-12-27,United Kingdom,30501,2288345,317.0,70796.0,0.0,0.0
332,2020-12-28,United Kingdom,41385,2329730,357.0,71153.0,0.0,0.0
333,2020-12-29,United Kingdom,53135,2382865,414.0,71567.0,0.0,0.0
334,2020-12-30,United Kingdom,50023,2432888,981.0,72548.0,0.0,0.0
335,2020-12-31,United Kingdom,55892,2488780,964.0,73512.0,0.0,0.0
336,2021-01-01,United Kingdom,53285,2542065,656.0,74168.0,0.0,0.0
337,2021-01-02,United Kingdom,57725,2599789,445.0,74613.0,0.0,0.0
338,2021-01-03,United Kingdom,54990,2654779,455.0,75068.0,0.0,0.0
339,2021-01-04,United Kingdom,58784,2713563,407.0,75475.0,0.0,0.0
340,2021-01-05,United Kingdom,60916,2774479,830.0,76305.0,0.0,0.0
341,2021-01-06,United Kingdom,62322,2836801,1041.0,77346.0,0.0,0.0
342,2021-01-07,United Kingdom,52618,2889419,1162.0,78508.0,0.0,0.0
343,2021-01-08,United Kingdom,68053,2957472,1325.0,79833.0,0.0,0.0
344,2021-01-09,United Kingdom,59937,3017409,1035.0,80868.0,0.0,0.0
345,2021-01-10,United Kingdom,54940,3072349,563.0,81431.0,0.0,0.0
346,2021-01-11,United Kingdom,46169,3118518,529.0,81960.0,0.0,0.0
347,2021-01-12,United Kingdom,45533,3164051,1243.0,83203.0,0.0,0.0
348,2021-01-13,United Kingdom,47525,3211576,1564.0,84767.0,0.0,0.0
349,2021-01-14,United Kingdom,48682,3260258,1248.0,86015.0,0.0,0.0
350,2021-01-15,United Kingdom,55761,3316019,1280.0,87295.0,0.0,0.0
351,2021-01-16,United Kingdom,41346,3357361,1295.0,88590.0,0.0,0.0
352,2021-01-17,United Kingdom,38598,3395959,671.0,89261.0,0.0,0.0
353,2021-01-18,United Kingdom,37535,3433494,599.0,89860.0,0.0,0.0
354,2021-01-19,United Kingdom,33355,3466849,1610.0,91470.0,0.0,0.0
355,2021-01-20,United Kingdom,38905,3505754,1820.0,93290.0,0.0,0.0
356,2021-01-21,United Kingdom,37892,3543646,1290.0,94580.0,0.0,0.0
357,2021-01-22,United Kingdom,40261,3583907,1401.0,95981.0,0.0,0.0
358,2021-01-23,United Kingdom,33552,3617459,1348.0,97329.0,0.0,0.0
359,2021-01-24,United Kingdom,30004,3647463,610.0,97939.0,0.0,0.0
360,2021-01-25,United Kingdom,22195,3669658,592.0,98531.0,0.0,0.0
361,2021-01-26,United Kingdom,20089,3689746,1631.0,100162.0,0.0,0.0
362,2021-01-27,United Kingdom,25308,3715054,1725.0,101887.0,0.0,0.0
363,2021-01-28,United Kingdom,28680,3743734,1239.0,103126.0,0.0,0.0
364,2021-01-29,United Kingdom,29079,3772813,1245.0,104371.0,0.0,0.0
365,2021-01-30,United Kingdom,23275,3796088,1200.0,105571.0,0.0,0.0
366,2021-01-31,United Kingdom,21088,3817176,587.0,106158.0,0.0,0.0
367,2021-02-01,United Kingdom,18607,3835783,406.0,106564.0,0.0,0.0
368,2021-02-02,United Kingdom,16840,3852623,1449.0,108013.0,0.0,0.0
369,2021-02-03,United Kingdom,19202,3871825,1322.0,109335.0,0.0,0.0
370,2021-02-04,United Kingdom,20634,3892459,915.0,110250.0,0.0,0.0
371,2021-02-05,United Kingdom,19114,3911573,1014.0,111264.0,0.0,0.0
372,2021-02-06,United Kingdom,18262,3929835,828.0,112092.0,0.0,0.0
373,2021-02-07,United Kingdom,15845,3945680,373.0,112465.0,0.0,0.0
374,2021-02-08,United Kingdom,14104,3959784,333.0,112798.0,0.0,0.0
375,2021-02-09,United Kingdom,12364,3972148,1052.0,113850.0,0.0,0.0
376,2021-02-10,United Kingdom,13013,3985161,1001.0,114851.0,0.0,0.0
377,2021-02-11,United Kingdom,13494,3998655,678.0,115529.0,0.0,0.0
378,2021-02-12,United Kingdom,15144,4013799,758.0,116287.0,0.0,0.0
379,2021-02-13,United Kingdom,13308,4027106,621.0,116908.0,0.0,0.0
380,2021-02-14,United Kingdom,10972,4038078,258.0,117166.0,0.0,0.0
381,2021-02-15,United Kingdom,9765,4047843,230.0,117396.0,0.0,0.0
382,2021-02-16,United Kingdom,10625,4058468,799.0,118195.0,0.0,0.0
383,2021-02-17,United Kingdom,12718,4071185,738.0,118933.0,0.0,0.0
384,2021-02-18,United Kingdom,12057,4083242,454.0,119387.0,0.0,0.0
385,2021-02-19,United Kingdom,12027,4095269,533.0,119920.0,0.0,0.0
386,2021-02-20,United Kingdom,10406,4105675,445.0,120365.0,0.0,0.0
387,2021-02-21,United Kingdom,9834,4115509,215.0,120580.0,0.0,0.0
388,2021-02-22,United Kingdom,10641,4126150,178.0,120757.0,0.0,0.0
389,2021-02-23,United Kingdom,8489,4134639,548.0,121305.0,0.0,0.0
390,2021-02-24,United Kingdom,9938,4144577,442.0,121747.0,0.0,0.0
391,2021-02-25,United Kingdom,9985,4154562,323.0,122070.0,0.0,0.0
392,2021-02-26,United Kingdom,8523,4163085,345.0,122415.0,0.0,0.0
393,2021-02-27,United Kingdom,7434,4170519,290.0,122705.0,0.0,0.0
394,2021-02-28,United Kingdom,6035,4176554,144.0,122849.0,0.0,0.0
395,2021-03-01,United Kingdom,5455,4182009,104.0,122953.0,0.0,0.0
396,2021-03-02,United Kingdom,6391,4188400,343.0,123296.0,0.0,0.0
397,2021-03-03,United Kingdom,6385,4194785,315.0,123783.0,0.0,0.0
398,2021-03-04,United Kingdom,6573,4201358,242.0,124025.0,0.0,0.0
399,2021-03-05,United Kingdom,5947,4207304,236.0,124261.0,0.0,0.0
400,2021-03-06,United Kingdom,6040,4213343,158.0,124419.0,0.0,0.0
401,2021-03-07,United Kingdom,5177,4218520,82.0,124501.0,0.0,0.0
402,2021-03-08,United Kingdom,4712,4223232,65.0,124566.0,0.0,0.0
403,2021-03-09,United Kingdom,5766,4228998,231.0,124797.0,0.0,0.0
404,2021-03-10,United Kingdom,5926,4234924,190.0,124987.0,0.0,0.0
405,2021-03-11,United Kingdom,6753,4241677,181.0,125168.0,0.0,0.0
406,2021-03-12,United Kingdom,6609,4248286,175.0,125343.0,0.0,0.0
407,2021-03-13,United Kingdom,5534,4253820,121.0,125464.0,0.0,0.0
408,2021-03-14,United Kingdom,4618,4258438,52.0,125516.0,0.0,0.0
409,2021-03-15,United Kingdom,5089,4263527,64.0,125580.0,0.0,0.0
410,2021-03-16,United Kingdom,5294,4268821,110.0,125690.0,0.0,0.0
411,2021-03-17,United Kingdom,5758,4274579,141.0,125831.0,0.0,0.0
412,2021-03-18,United Kingdom,6303,4280882,95.0,125926.0,0.0,0.0
413,2021-03-19,United Kingdom,4802,4285684,101.0,126026.0,0.0,0.0
414,2021-03-20,United Kingdom,5587,4291271,96.0,126122.0,0.0,0.0
415,2021-03-21,United Kingdom,5312,4296583,33.0,126155.0,0.0,0.0
416,2021-03-22,United Kingdom,5342,4301925,17.0,126172.0,0.0,0.0
417,2021-03-23,United Kingdom,5379,4307304,112.0,126284.0,0.0,0.0
418,2021-03-24,United Kingdom,5605,4312908,98.0,126382.0,0.0,0.0
419,2021-03-25,United Kingdom,6397,4319128,63.0,126445.0,0.0,0.0
420,2021-03-26,United Kingdom,6187,4325315,70.0,126515.0,0.0,0.0
421,2021-03-27,United Kingdom,4715,4329180,58.0,126573.0,0.0,0.0
422,2021-03-28,United Kingdom,3862,4333042,19.0,126592.0,0.0,0.0
423,2021-03-29,United Kingdom,4654,4337696,23.0,126615.0,0.0,0.0
424,2021-03-30,United Kingdom,4040,4341736,56.0,126670.0,0.0,0.0
425,2021-03-31,United Kingdom,4052,4345788,43.0,126713.0,0.0,0.0
426,2021-04-01,United Kingdom,4479,4350266,51.0,126764.0,0.0,0.0
427,2021-04-02,United Kingdom,3402,4353668,52.0,126816.0,0.0,0.0
428,2021-04-03,United Kingdom,3423,4357091,10.0,126826.0,0.0,0.0
429,2021-04-04,United Kingdom,2297,4359388,10.0,126836.0,0.0,0.0
430,2021-04-05,United Kingdom,2762,4362150,26.0,126862.0,0.0,0.0
431,2021-04-06,United Kingdom,2379,4364529,20.0,126882.0,0.0,0.0
432,2021-04-07,United Kingdom,2763,4367291,45.0,126927.0,0.0,0.0
433,2021-04-08,United Kingdom,3030,4370321,53.0,126980.0,0.0,0.0
434,2021-04-09,United Kingdom,3150,4365461,60.0,127040.0,0.0,0.0
435,2021-04-10,United Kingdom,2589,4368045,40.0,127080.0,0.0,0.0
436,2021-04-11,United Kingdom,1730,4369775,7.0,127087.0,0.0,0.0
437,2021-04-12,United Kingdom,3568,4373343,13.0,127100.0,0.0,0.0
438,2021-04-13,United Kingdom,2472,4375814,23.0,127123.0,0.0,0.0
439,2021-04-14,United Kingdom,2491,4378305,38.0,127161.0,0.0,0.0
440,2021-04-15,United Kingdom,2672,4380976,30.0,127191.0,0.0,0.0
441,2021-04-16,United Kingdom,2596,4383732,34.0,127225.0,0.0,0.0
442,2021-04-17,United Kingdom,2206,4385938,35.0,127260.0,0.0,0.0
443,2021-04-18,United Kingdom,1882,4387820,10.0,127270.0,0.0,0.0
444,2021-04-19,United Kingdom,2963,4390783,4.0,127274.0,0.0,0.0
445,2021-04-20,United Kingdom,2524,4393307,33.0,127307.0,0.0,0.0
446,2021-04-21,United Kingdom,2396,4395703,22.0,127327.0,0.0,0.0
447,2021-04-22,United Kingdom,2729,4398431,18.0,127345.0,0.0,0.0
448,2021-04-23,United Kingdom,2678,4401109,40.0,127385.0,0.0,0.0
449,2021-04-24,United Kingdom,2061,4403170,32.0,127417.0,0.0,0.0
450,2021-04-25,United Kingdom,1712,4404882,11.0,127428.0,0.0,0.0
451,2021-04-26,United Kingdom,2064,4406946,6.0,127434.0,0.0,0.0
452,2021-04-27,United Kingdom,2685,4409631,17.0,127451.0,0.0,0.0
453,2021-04-28,United Kingdom,2166,4411797,29.0,127480.0,0.0,0.0
454,2021-04-29,United Kingdom,2445,4414242,22.0,127502.0,0.0,0.0
455,2021-04-30,United Kingdom,2381,4416623,15.0,127517.0,0.0,0.0
456,2021-05-01,United Kingdom,1907,4418530,7.0,127524.0,0.0,0.0
457,2021-05-02,United Kingdom,1671,4420201,14.0,127538.0,0.0,0.0
458,2021-05-03,United Kingdom,1649,4421850,1.0,127539.0,0.0,0.0
459,2021-05-04,United Kingdom,1946,4423796,4.0,127543.0,0.0,0.0
460,2021-05-05,United Kingdom,2144,4425940,27.0,127570.0,0.0,0.0
461,2021-05-06,United Kingdom,2613,4428553,13.0,127583.0,0.0,0.0
462,2021-05-07,United Kingdom,2490,4431043,15.0,127598.0,0.0,0.0
463,2021-05-08,United Kingdom,2047,4433090,5.0,127603.0,0.0,0.0
464,2021-05-09,United Kingdom,1770,4434860,2.0,127605.0,0.0,0.0
465,2021-05-10,United Kingdom,2357,4437217,4.0,127609.0,0.0,0.0
466,2021-05-11,United Kingdom,2474,4439691,20.0,127629.0,0.0,0.0
467,2021-05-12,United Kingdom,2284,4441975,11.0,127640.0,0.0,0.0
468,2021-05-13,United Kingdom,2657,4444631,11.0,127651.0,0.0,0.0
469,2021-05-14,United Kingdom,2193,4446824,17.0,127668.0,0.0,0.0
470,2021-05-15,United Kingdom,2027,4448851,7.0,127675.0,0.0,0.0
471,2021-05-16,United Kingdom,1926,4450777,4.0,127679.0,0.0,0.0
472,2021-05-17,United Kingdom,1979,4452756,5.0,127684.0,0.0,0.0
473,2021-05-18,United Kingdom,2412,4450392,7.0,127691.0,0.0,0.0
474,2021-05-19,United Kingdom,2696,4452527,3.0,127694.0,0.0,0.0
475,2021-05-20,United Kingdom,2874,4455221,7.0,127701.0,0.0,0.0
476,2021-05-21,United Kingdom,2829,4457923,9.0,127710.0,0.0,0.0
477,2021-05-22,United Kingdom,2694,4460446,6.0,127716.0,0.0,0.0
478,2021-05-23,United Kingdom,2235,4462538,5.0,127721.0,0.0,0.0
479,2021-05-24,United Kingdom,2439,4464900,3.0,127724.0,0.0,0.0
480,2021-05-25,United Kingdom,2493,4467310,15.0,127739.0,0.0,0.0
481,2021-05-26,United Kingdom,3180,4470297,9.0,127748.0,0.0,0.0
482,2021-05-27,United Kingdom,3542,4473677,10.0,127758.0,0.0,0.0
483,2021-05-28,United Kingdom,4182,4477705,10.0,127768.0,0.0,0.0
484,2021-05-29,United Kingdom,3398,4480945,7.0,127775.0,0.0,0.0
485,2021-05-30,United Kingdom,3240,4484056,6.0,127781.0,0.0,0.0
486,2021-05-31,United Kingdom,3383,4487339,1.0,127782.0,0.0,0.0
487,2021-06-01,United Kingdom,3165,4490438,0.0,127782.0,0.0,0.0
488,2021-06-02,United Kingdom,4330,4494699,12.0,127794.0,0.0,0.0
489,2021-06-03,United Kingdom,5274,4499878,18.0,127812.0,0.0,0.0
490,2021-06-04,United Kingdom,6238,4506018,11.0,127823.0,0.0,0.0
491,2021-06-05,United Kingdom,5765,4511669,13.0,127836.0,0.0,0.0
492,2021-06-06,United Kingdom,5341,4516892,4.0,127840.0,0.0,0.0
493,2021-06-07,United Kingdom,5683,4522476,1.0,127841.0,0.0,0.0
494,2021-06-08,United Kingdom,6048,4528442,13.0,127854.0,0.0,0.0
495,2021-06-09,United Kingdom,7540,4535754,6.0,127860.0,0.0,0.0
496,2021-06-10,United Kingdom,7393,4542986,7.0,127867.0,0.0,0.0
497,2021-06-11,United Kingdom,8125,4550944,17.0,127884.0,0.0,0.0
498,2021-06-12,United Kingdom,7738,4558494,12.0,127896.0,0.0,0.0
499,2021-06-13,United Kingdom,7490,4565813,8.0,127904.0,0.0,0.0
500,2021-06-14,United Kingdom,7742,4573419,3.0,127907.0,0.0,0.0
501,2021-06-15,United Kingdom,7673,4581006,10.0,127917.0,0.0,0.0
502,2021-06-16,United Kingdom,9055,4589814,9.0,127926.0,0.0,0.0
503,2021-06-17,United Kingdom,11007,4600623,19.0,127945.0,0.0,0.0
504,2021-06-18,United Kingdom,10476,4610893,11.0,127956.0,0.0,0.0
505,2021-06-19,United Kingdom,10321,4620968,14.0,127970.0,0.0,0.0
506,2021-06-20,United Kingdom,9284,4630040,6.0,127976.0,0.0,0.0
507,2021-06-21,United Kingdom,10633,4640507,5.0,127981.0,0.0,0.0
508,2021-06-22,United Kingdom,11625,4651988,27.0,128008.0,0.0,0.0
509,2021-06-23,United Kingdom,16135,4667870,19.0,128027.0,0.0,0.0
510,2021-06-24,United Kingdom,16703,4684572,21.0,128048.0,0.0,0.0
511,2021-06-25,United Kingdom,15810,4699868,18.0,128066.0,0.0,0.0
512,2021-06-26,United Kingdom,18270,4717811,23.0,128089.0,0.0,0.0
513,2021-06-27,United Kingdom,14876,4732434,11.0,128100.0,0.0,0.0
514,2021-06-28,United Kingdom,22868,4755078,3.0,128103.0,0.0,0.0
515,2021-06-29,United Kingdom,20479,4775301,23.0,128126.0,0.0,0.0
516,2021-06-30,United Kingdom,26068,4800907,14.0,128140.0,0.0,0.0
517,2021-07-01,United Kingdom,27989,4828463,22.0,128162.0,0.0,0.0
518,2021-07-02,United Kingdom,27125,4855169,27.0,128189.0,0.0,0.0
519,2021-07-03,United Kingdom,24885,4879616,18.0,128207.0,0.0,0.0
520,2021-07-04,United Kingdom,24248,4903434,15.0,128222.0,0.0,0.0
521,2021-07-05,United Kingdom,27334,4930534,9.0,128231.0,0.0,0.0
522,2021-07-06,United Kingdom,28773,4958868,37.0,128268.0,0.0,0.0
523,2021-07-07,United Kingdom,32548,4990916,33.0,128301.0,0.0,0.0
524,2021-07-08,United Kingdom,32551,5022893,35.0,128336.0,0.0,0.0
525,2021-07-09,United Kingdom,35707,5058093,29.0,128365.0,0.0,0.0
526,2021-07-10,United Kingdom,32367,5089893,34.0,128399.0,0.0,0.0
527,2021-07-11,United Kingdom,31772,5121245,26.0,128425.0,0.0,0.0
528,2021-07-12,United Kingdom,34471,5155243,6.0,128431.0,0.0,0.0
529,2021-07-13,United Kingdom,36660,5191459,50.0,128481.0,0.0,0.0
530,2021-07-14,United Kingdom,42302,5233207,49.0,128530.0,0.0,0.0
531,2021-07-15,United Kingdom,48553,5281098,63.0,128593.0,0.0,0.0
532,2021-07-16,United Kingdom,51870,5332371,49.0,128642.0,0.0,0.0
533,2021-07-17,United Kingdom,54674,5386340,41.0,128683.0,0.0,0.0
534,2021-07-18,United Kingdom,48161,5433939,25.0,128708.0,0.0,0.0
535,2021-07-19,United Kingdom,39950,5473477,19.0,128727.0,0.0,0.0
536,2021-07-20,United Kingdom,46558,5519602,96.0,128823.0,0.0,0.0
537,2021-07-21,United Kingdom,44104,5563006,73.0,128896.0,0.0,0.0
538,2021-07-22,United Kingdom,39906,5602321,84.0,128980.0,0.0,0.0
539,2021-07-23,United Kingdom,36389,5637975,64.0,129044.0,0.0,0.0
540,2021-07-24,United Kingdom,31795,5669260,86.0,129130.0,0.0,0.0
541,2021-07-25,United Kingdom,29173,5697912,28.0,129158.0,0.0,0.0
542,2021-07-26,United Kingdom,24950,5722298,14.0,129172.0,0.0,0.0
543,2021-07-27,United Kingdom,23511,5745526,131.0,129303.0,0.0,0.0
544,2021-07-28,United Kingdom,27734,5770928,91.0,129430.0,0.0,0.0
545,2021-07-29,United Kingdom,31117,5801561,85.0,129515.0,0.0,0.0
546,2021-07-30,United Kingdom,29622,5830774,68.0,129583.0,0.0,0.0
547,2021-07-31,United Kingdom,26144,5856528,71.0,129654.0,0.0,0.0
548,2021-08-01,United Kingdom,24470,5880667,65.0,129719.0,0.0,0.0
549,2021-08-02,United Kingdom,21952,5902354,24.0,129743.0,0.0,0.0
550,2021-08-03,United Kingdom,21691,5923820,138.0,129881.0,0.0,0.0
551,2021-08-04,United Kingdom,29312,5952756,119.0,130000.0,0.0,0.0
552,2021-08-05,United Kingdom,30215,5982581,86.0,130086.0,0.0,0.0
553,2021-08-06,United Kingdom,31808,6014023,92.0,130178.0,0.0,0.0
554,2021-08-07,United Kingdom,28612,6042252,103.0,130281.0,0.0,0.0
555,2021-08-08,United Kingdom,27429,6069362,39.0,130320.0,0.0,0.0
556,2021-08-09,United Kingdom,25161,6094243,37.0,130357.0,0.0,0.0
557,2021-08-10,United Kingdom,23510,6117540,146.0,130503.0,0.0,0.0
558,2021-08-11,United Kingdom,29612,6146800,104.0,130607.0,0.0,0.0
559,2021-08-12,United Kingdom,33074,6179506,94.0,130701.0,0.0,0.0
560,2021-08-13,United Kingdom,32700,6211868,100.0,130801.0,0.0,0.0
561,2021-08-14,United Kingdom,29520,6241011,93.0,130894.0,0.0,0.0
562,2021-08-15,United Kingdom,26750,6267437,61.0,130953.0,0.0,0.0
563,2021-08-16,United Kingdom,28438,6295613,26.0,130979.0,0.0,0.0
564,2021-08-17,United Kingdom,26852,6322241,170.0,131149.0,0.0,0.0
565,2021-08-18,United Kingdom,33904,6355887,111.0,131260.0,0.0,0.0
566,2021-08-19,United Kingdom,36572,6392160,113.0,131373.0,0.0,0.0
567,2021-08-20,United Kingdom,37314,6429147,114.0,131487.0,0.0,0.0
568,2021-08-21,United Kingdom,32058,6460930,104.0,131591.0,0.0,0.0
569,2021-08-22,United Kingdom,32253,6492906,49.0,131640.0,0.0,0.0
570,2021-08-23,United Kingdom,31914,6524581,40.0,131680.0,0.0,0.0
571,2021-08-24,United Kingdom,30838,6555200,174.0,131854.0,0.0,0.0
572,2021-08-25,United Kingdom,35847,6590747,149.0,132003.0,0.0,0.0
573,2021-08-26,United Kingdom,38281,6628709,140.0,132143.0,0.0,0.0
574,2021-08-27,United Kingdom,38046,6666399,100.0,132243.0,0.0,0.0
575,2021-08-28,United Kingdom,32406,6698486,133.0,132376.0,0.0,0.0
576,2021-08-29,United Kingdom,33196,6731423,61.0,132437.0,0.0,0.0
577,2021-08-30,United Kingdom,26476,6757650,48.0,132485.0,0.0,0.0
578,2021-08-31,United Kingdom,32181,6789581,50.0,132535.0,0.0,0.0
579,2021-09-01,United Kingdom,35693,6825074,207.0,132742.0,0.0,0.0
580,2021-09-02,United Kingdom,38154,6862904,178.0,132920.0,0.0,0.0
581,2021-09-03,United Kingdom,42076,6904969,121.0,133041.0,0.0,0.0
582,2021-09-04,United Kingdom,37578,6941611,120.0,133161.0,0.0,0.0
583,2021-09-05,United Kingdom,37011,6978126,68.0,133229.0,0.0,0.0
584,2021-09-06,United Kingdom,41192,7018927,45.0,133274.0,0.0,0.0
585,2021-09-07,United Kingdom,37489,7056106,209.0,133483.0,0.0,0.0
586,2021-09-08,United Kingdom,38975,7094592,191.0,133674.0,0.0,0.0
587,2021-09-09,United Kingdom,38013,7132072,167.0,133841.0,0.0,0.0
588,2021-09-10,United Kingdom,37622,7168806,147.0,133988.0,0.0,0.0
589,2021-09-11,United Kingdom,29547,7197662,156.0,134144.0,0.0,0.0
590,2021-09-12,United Kingdom,29173,7226276,56.0,134200.0,0.0,0.0
591,2021-09-13,United Kingdom,30825,7256559,61.0,134261.0,0.0,0.0
592,2021-09-14,United Kingdom,26628,7282810,185.0,134446.0,0.0,0.0
593,2021-09-15,United Kingdom,30597,7312683,201.0,134647.0,0.0,0.0
594,2021-09-16,United Kingdom,26911,7339009,158.0,134805.0,0.0,0.0
595,2021-09-17,United Kingdom,32651,7371301,178.0,134983.0,0.0,0.0
596,2021-09-18,United Kingdom,30144,7400739,164.0,135147.0,0.0,0.0
597,2021-09-19,United Kingdom,29612,7429746,56.0,135203.0,0.0,0.0
598,2021-09-20,United Kingdom,36100,7465448,49.0,135252.0,0.0,0.0
599,2021-09-21,United Kingdom,31564,7496543,203.0,135455.0,0.0,0.0
600,2021-09-22,United Kingdom,34460,7530103,166.0,135621.0,0.0,0.0
601,2021-09-23,United Kingdom,36710,7565867,182.0,135803.0,0.0,0.0
602,2021-09-24,United Kingdom,35623,7601487,180.0,135983.0,0.0,0.0
603,2021-09-25,United Kingdom,32468,7632353,127.0,136110.0,0.0,0.0
604,2021-09-26,United Kingdom,32417,7664230,58.0,136168.0,0.0,0.0
605,2021-09-27,United Kingdom,37960,7701715,40.0,136208.0,0.0,0.0
606,2021-09-28,United Kingdom,34526,7736235,167.0,136375.0,0.0,0.0
607,2021-09-29,United Kingdom,36722,7771294,150.0,136525.0,0.0,0.0
608,2021-09-30,United Kingdom,36480,7807036,137.0,136662.0,0.0,0.0
609,2021-10-01,United Kingdom,35577,7841625,127.0,136789.0,0.0,0.0
610,2021-10-02,United Kingdom,30301,7871014,121.0,136910.0,0.0,0.0
611,2021-10-03,United Kingdom,30439,7900680,43.0,136953.0,0.0,0.0
612,2021-10-04,United Kingdom,35077,7934936,33.0,136986.0,0.0,0.0
613,2021-10-05,United Kingdom,33869,7967985,166.0,137152.0,0.0,0.0
614,2021-10-06,United Kingdom,39851,8006660,143.0,137295.0,0.0,0.0
615,2021-10-07,United Kingdom,40701,8046390,122.0,137417.0,0.0,0.0
616,2021-10-08,United Kingdom,41765,8087005,150.0,137564.0,0.0,0.0
617,2021-10-09,United Kingdom,34950,8120713,133.0,137697.0,0.0,0.0
618,2021-10-10,United Kingdom,34574,8154306,38.0,137735.0,0.0,0.0
619,2021-10-11,United Kingdom,40224,8193769,28.0,137763.0,0.0,0.0
620,2021-10-12,United Kingdom,38520,8231437,181.0,137944.0,0.0,0.0
621,2021-10-13,United Kingdom,42776,8272883,136.0,138080.0,0.0,0.0
622,2021-10-14,United Kingdom,45066,8317439,157.0,138237.0,0.0,0.0
623,2021-10-15,United Kingdom,44932,8361651,145.0,138379.0,0.0,0.0
624,2021-10-16,United Kingdom,43423,8404469,148.0,138527.0,0.0,0.0
625,2021-10-17,United Kingdom,45140,8449165,57.0,138584.0,0.0,0.0
626,2021-10-18,United Kingdom,49156,8497868,45.0,138629.0,0.0,0.0
627,2021-10-19,United Kingdom,43738,8541192,223.0,138852.0,0.0,0.0
628,2021-10-20,United Kingdom,49139,8589737,179.0,139031.0,0.0,0.0
629,2021-10-21,United Kingdom,52009,8641221,115.0,139146.0,0.0,0.0
630,2021-10-22,United Kingdom,49298,8689949,180.0,139326.0,0.0,0.0
631,2021-10-23,United Kingdom,44985,8734934,135.0,139461.0,0.0,0.0
632,2021-10-24,United Kingdom,39962,8773674,72.0,139533.0,0.0,0.0
633,2021-10-25,United Kingdom,36567,8809774,38.0,139571.0,0.0,0.0
634,2021-10-26,United Kingdom,40954,8853227,263.0,139834.0,0.0,0.0
635,2021-10-27,United Kingdom,43941,8897149,207.0,140041.0,0.0,0.0
636,2021-10-28,United Kingdom,39842,8936155,165.0,140206.0,0.0,0.0
637,2021-10-29,United Kingdom,43467,8979236,186.0,140392.0,0.0,0.0
638,2021-10-30,United Kingdom,41278,9019962,166.0,140558.0,0.0,0.0
639,2021-10-31,United Kingdom,38009,9057629,74.0,140632.0,0.0,0.0
640,2021-11-01,United Kingdom,40077,9097311,40.0,140672.0,0.0,0.0
641,2021-11-02,United Kingdom,33865,9130857,293.0,140964.0,0.0,0.0
642,2021-11-03,United Kingdom,41299,9171660,217.0,141181.0,0.0,0.0
643,2021-11-04,United Kingdom,37269,9208219,214.0,141395.0,0.0,0.0
644,2021-11-05,United Kingdom,34029,9241916,193.0,141588.0,0.0,0.0
645,2021-11-06,United Kingdom,30693,9272066,155.0,141743.0,0.0,0.0
646,2021-11-07,United Kingdom,30305,9301909,62.0,141805.0,0.0,0.0
647,2021-11-08,United Kingdom,32322,9333891,57.0,141862.0,0.0,0.0
648,2021-11-09,United Kingdom,33117,9366676,262.0,142124.0,0.0,0.0
649,2021-11-10,United Kingdom,39329,9406001,214.0,142338.0,0.0,0.0
650,2021-11-11,United Kingdom,42408,9448402,195.0,142533.0,0.0,0.0
651,2021-11-12,United Kingdom,40375,9487302,145.0,142678.0,0.0,0.0
652,2021-11-13,United Kingdom,38351,9524971,157.0,142835.0,0.0,0.0
653,2021-11-14,United Kingdom,36517,9561099,63.0,142898.0,0.0,0.0
654,2021-11-15,United Kingdom,39705,9600369,47.0,142945.0,0.0,0.0
655,2021-11-16,United Kingdom,37243,9637190,214.0,143159.0,0.0,0.0
656,2021-11-17,United Kingdom,38263,9675058,201.0,143360.0,0.0,0.0
657,2021-11-18,United Kingdom,46807,9721916,199.0,143559.0,0.0,0.0
658,2021-11-19,United Kingdom,44242,9766153,157.0,143716.0,0.0,0.0
659,2021-11-20,United Kingdom,40941,9806034,150.0,143866.0,0.0,0.0
660,2021-11-21,United Kingdom,40004,9845492,61.0,143927.0,0.0,0.0
661,2021-11-22,United Kingdom,44917,9889926,45.0,143972.0,0.0,0.0
662,2021-11-23,United Kingdom,42484,9932408,165.0,144137.0,0.0,0.0
663,2021-11-24,United Kingdom,43676,9974843,149.0,144286.0,0.0,0.0
664,2021-11-25,United Kingdom,47240,10021497,147.0,144433.0,0.0,0.0
665,2021-11-26,United Kingdom,50091,10070841,160.0,144593.0,0.0,0.0
666,2021-11-27,United Kingdom,39567,10110408,131.0,144724.0,0.0,0.0
667,2021-11-28,United Kingdom,37681,10146915,51.0,144775.0,0.0,0.0
668,2021-11-29,United Kingdom,42583,10189059,35.0,144810.0,0.0,0.0
669,2021-11-30,United Kingdom,39716,10228772,159.0,144969.0,0.0,0.0
670,2021-12-01,United Kingdom,48374,10276007,171.0,145140.0,0.0,0.0
671,2021-12-02,United Kingdom,53945,10329074,141.0,145281.0,0.0,0.0
672,2021-12-03,United Kingdom,50584,10379647,143.0,145424.0,0.0,0.0
673,2021-12-04,United Kingdom,42848,10421104,127.0,145551.0,0.0,0.0
674,2021-12-05,United Kingdom,43992,10464389,54.0,145605.0,0.0,0.0
675,2021-12-06,United Kingdom,51459,10515239,41.0,145646.0,0.0,0.0
676,2021-12-07,United Kingdom,45691,10560341,180.0,145826.0,0.0,0.0
677,2021-12-08,United Kingdom,51342,10610958,161.0,145987.0,0.0,0.0
678,2021-12-09,United Kingdom,50867,10660981,148.0,146135.0,0.0,0.0
679,2021-12-10,United Kingdom,58194,10719165,120.0,146255.0,0.0,0.0
680,2021-12-11,United Kingdom,54073,10771444,132.0,146387.0,0.0,0.0
681,2021-12-12,United Kingdom,48854,10819515,52.0,146439.0,0.0,0.0
682,2021-12-13,United Kingdom,54661,10873468,38.0,146477.0,0.0,0.0
683,2021-12-14,United Kingdom,59610,10932545,150.0,146627.0,0.0,0.0
684,2021-12-15,United Kingdom,78610,11010286,165.0,146791.0,0.0,0.0
685,2021-12-16,United Kingdom,88376,11097851,146.0,146937.0,0.0,0.0
686,2021-12-17,United Kingdom,93045,11190354,111.0,147048.0,0.0,0.0
687,2021-12-18,United Kingdom,90418,11279428,125.0,147173.0,0.0,0.0
688,2021-12-19,United Kingdom,82886,11361387,45.0,147218.0,0.0,0.0
689,2021-12-20,United Kingdom,91743,11453121,44.0,147261.0,0.0,0.0
690,2021-12-21,United Kingdom,90629,11542143,172.0,147433.0,0.0,0.0
691,2021-12-22,United Kingdom,109655,11647473,140.0,147573.0,0.0,0.0
692,2021-12-23,United Kingdom,119789,11769921,147.0,147720.0,0.0,0.0
693,2021-12-24,United Kingdom,122186,11891292,137.0,147857.0,0.0,0.0
694,2021-12-25,United Kingdom,121880,12013153,10.0,147867.0,0.0,0.0
695,2021-12-26,United Kingdom,119923,12132098,3.0,147870.0,0.0,0.0
696,2021-12-27,United Kingdom,109077,12239797,143.0,148013.0,0.0,0.0
697,2021-12-28,United Kingdom,138831,12377822,19.0,148032.0,0.0,0.0
698,2021-12-29,United Kingdom,183037,12559926,57.0,148089.0,0.0,0.0
699,2021-12-30,United Kingdom,189213,12748050,332.0,148421.0,0.0,0.0
700,2021-12-31,United Kingdom,189846,12937886,203.0,148624.0,0.0,0.0
701,2022-01-01,United Kingdom,179637,13117469,162.0,148786.0,0.0,0.0
702,2022-01-02,United Kingdom,151663,13266431,73.0,148859.0,0.0,0.0
703,2022-01-03,United Kingdom,157758,13422815,42.0,148901.0,0.0,0.0
704,2022-01-04,United Kingdom,218724,13641520,49.0,148950.0,0.0,0.0
705,2022-01-05,United Kingdom,194747,13835334,334.0,149284.0,0.0,0.0
706,2022-01-06,United Kingdom,179756,14015065,231.0,149515.0,0.0,0.0
707,2022-01-07,United Kingdom,178250,14193228,229.0,149744.0,0.0,0.0
708,2022-01-08,United Kingdom,146390,14333794,313.0,150057.0,0.0,0.0
709,2022-01-09,United Kingdom,141472,14475192,97.0,150154.0,0.0,0.0
710,2022-01-10,United Kingdom,142224,14617314,77.0,150230.0,0.0,0.0
711,2022-01-11,United Kingdom,120821,14732594,379.0,150609.0,0.0,0.0
712,2022-01-12,United Kingdom,129587,14862138,398.0,151007.0,0.0,0.0
713,2022-01-13,United Kingdom,109133,14967817,335.0,151342.0,0.0,0.0
714,2022-01-14,United Kingdom,99652,15066395,270.0,151612.0,0.0,0.0
715,2022-05-19,United Kingdom,12208,22232377,0.0,0.0,0.0,0.0
716,2022-05-18,United Kingdom,7791,22220178,0.0,0.0,17.0,177890.0
717,2022-05-17,United Kingdom,8603,22212395,0.0,0.0,59.0,177873.0
718,2022-05-16,United Kingdom,22337,22203799,0.0,0.0,56.0,177814.0
719,2022-05-15,United Kingdom,173,22181462,0.0,0.0,67.0,177758.0
720,2022-05-14,United Kingdom,1082,22181289,0.0,0.0,77.0,177691.0
721,2022-05-13,United Kingdom,6592,22180207,0.0,0.0,80.0,177614.0
722,2022-05-12,United Kingdom,14564,22173620,0.0,0.0,108.0,177534.0
723,2022-05-11,United Kingdom,8135,22158820,0.0,0.0,101.0,177426.0
724,2022-05-10,United Kingdom,10413,22150700,0.0,0.0,115.0,177325.0
725,2022-05-09,United Kingdom,26280,22140287,0.0,0.0,111.0,177210.0
726,2022-05-08,United Kingdom,0,22114034,0.0,0.0,110.0,177099.0
727,2022-05-07,United Kingdom,0,22114034,0.0,0.0,135.0,176989.0
728,2022-05-06,United Kingdom,11076,22114034,0.0,0.0,126.0,176854.0
729,2022-05-05,United Kingdom,12487,22102983,0.0,0.0,136.0,176728.0
730,2022-05-04,United Kingdom,16611,22090523,0.0,0.0,132.0,176592.0
731,2022-05-03,United Kingdom,35635,22073858,0.0,0.0,139.0,176460.0
732,2022-05-02,United Kingdom,0,22038340,0.0,0.0,157.0,176321.0
733,2022-05-01,United Kingdom,0,22038340,0.0,0.0,171.0,176164.0
734,2022-04-30,United Kingdom,0,22038340,0.0,0.0,176.0,175993.0
735,2022-04-29,United Kingdom,12421,22038340,0.0,0.0,178.0,175817.0
736,2022-04-28,United Kingdom,14030,22025925,0.0,0.0,185.0,175639.0
737,2022-04-27,United Kingdom,17224,22011920,0.0,0.0,188.0,175454.0
738,2022-04-26,United Kingdom,16579,21994809,0.0,0.0,182.0,175266.0
739,2022-04-25,United Kingdom,45077,21978198,0.0,0.0,185.0,175084.0
740,2022-04-24,United Kingdom,0,21933206,0.0,0.0,177.0,174899.0
741,2022-04-23,United Kingdom,0,21933206,0.0,0.0,202.0,174722.0
742,2022-04-22,United Kingdom,19795,21933206,0.0,0.0,216.0,174520.0
743,2022-04-21,United Kingdom,23456,21913483,0.0,0.0,209.0,174304.0
744,2022-04-20,United Kingdom,26147,21890037,0.0,0.0,238.0,174095.0
745,2022-04-19,United Kingdom,116227,21863944,0.0,0.0,204.0,173857.0
746,2022-04-18,United Kingdom,0,21747638,0.0,0.0,248.0,173653.0
747,2022-04-17,United Kingdom,0,21747638,0.0,0.0,253.0,173405.0
748,2022-04-16,United Kingdom,0,21747638,0.0,0.0,255.0,173152.0
749,2022-04-15,United Kingdom,0,21747638,0.0,0.0,250.0,172897.0
750,2022-04-14,United Kingdom,32608,21747638,0.0,0.0,270.0,172647.0
751,2022-04-13,United Kingdom,35926,21715116,0.0,0.0,290.0,172377.0
752,2022-04-12,United Kingdom,37819,21679280,0.0,0.0,282.0,172087.0
753,2022-04-11,United Kingdom,91201,21640901,0.0,0.0,259.0,171805.0
754,2022-04-10,United Kingdom,0,21549830,0.0,0.0,282.0,171546.0
755,2022-04-09,United Kingdom,0,21549830,0.0,0.0,263.0,171264.0
756,2022-04-08,United Kingdom,41384,21549830,0.0,0.0,301.0,171001.0
757,2022-04-07,United Kingdom,47126,21508546,0.0,0.0,290.0,170700.0
758,2022-04-06,United Kingdom,51253,21461556,0.0,0.0,272.0,170410.0
759,2022-04-05,United Kingdom,50202,21410305,0.0,0.0,270.0,170138.0
760,2022-04-04,United Kingdom,143382,21359681,0.0,0.0,252.0,169868.0
761,2022-04-03,United Kingdom,0,21216874,0.0,0.0,264.0,169616.0
762,2022-04-02,United Kingdom,0,21216874,0.0,0.0,279.0,169352.0
763,2022-04-01,United Kingdom,69811,21216874,0.0,0.0,255.0,169073.0
764,2022-03-31,United Kingdom,74720,21147425,0.0,0.0,262.0,168818.0
765,2022-03-30,United Kingdom,87188,21073009,0.0,0.0,245.0,168556.0
766,2022-03-29,United Kingdom,80830,20986171,0.0,0.0,245.0,168311.0
767,2022-03-28,United Kingdom,215001,20905515,0.0,0.0,229.0,168066.0
768,2022-03-27,United Kingdom,0,20691123,0.0,0.0,228.0,167837.0
769,2022-03-26,United Kingdom,0,20691123,0.0,0.0,219.0,167609.0
770,2022-03-25,United Kingdom,77509,20691123,0.0,0.0,227.0,167390.0
771,2022-03-24,United Kingdom,98204,20613817,0.0,0.0,214.0,167163.0
772,2022-03-23,United Kingdom,102483,20515998,0.0,0.0,207.0,166949.0
773,2022-03-22,United Kingdom,94524,20413731,0.0,0.0,227.0,166742.0
774,2022-03-21,United Kingdom,226524,20319434,0.0,0.0,185.0,166515.0
775,2022-03-20,United Kingdom,0,20093762,0.0,0.0,203.0,166330.0
776,2022-03-19,United Kingdom,0,20093762,0.0,0.0,197.0,166127.0
777,2022-03-18,United Kingdom,90349,20093762,0.0,0.0,207.0,165930.0
778,2022-03-17,United Kingdom,89717,20001627,0.0,0.0,191.0,165723.0
779,2022-03-16,United Kingdom,91345,19911155,0.0,0.0,184.0,165532.0
780,2022-03-15,United Kingdom,109802,19820181,0.0,0.0,159.0,165348.0
781,2022-03-14,United Kingdom,170985,19700952,0.0,0.0,186.0,165189.0
782,2022-03-13,United Kingdom,0,19530485,0.0,0.0,154.0,165003.0
783,2022-03-12,United Kingdom,0,19530485,0.0,0.0,145.0,164849.0
784,2022-03-11,United Kingdom,72898,19530485,0.0,0.0,145.0,164704.0
785,2022-03-10,United Kingdom,71259,19457976,0.0,0.0,153.0,164559.0
786,2022-03-09,United Kingdom,67159,19373884,0.0,0.0,143.0,164406.0
787,2022-03-08,United Kingdom,61900,19307014,0.0,0.0,150.0,164263.0
788,2022-03-07,United Kingdom,126604,19245301,0.0,0.0,149.0,164113.0
789,2022-03-06,United Kingdom,0,19119181,0.0,0.0,131.0,163964.0
790,2022-03-05,United Kingdom,0,19119181,0.0,0.0,127.0,163833.0
791,2022-03-04,United Kingdom,44740,19119181,0.0,0.0,133.0,163706.0
792,2022-03-03,United Kingdom,45656,19074696,0.0,0.0,157.0,163573.0
793,2022-03-02,United Kingdom,44017,19029321,0.0,0.0,162.0,163416.0
794,2022-03-01,United Kingdom,39000,18985568,0.0,0.0,133.0,163254.0
795,2022-02-28,United Kingdom,82451,18886701,0.0,0.0,145.0,163121.0
796,2022-02-27,United Kingdom,0,18804765,0.0,0.0,136.0,162976.0
797,2022-02-26,United Kingdom,0,18804765,0.0,0.0,135.0,162840.0
798,2022-02-25,United Kingdom,31933,18804765,0.0,0.0,145.0,162705.0
799,2022-02-24,United Kingdom,38933,18773164,0.0,0.0,169.0,162560.0
800,2022-02-23,United Kingdom,39656,18734683,0.0,0.0,146.0,162391.0
801,2022-02-22,United Kingdom,41130,18695448,0.0,0.0,141.0,162245.0
802,2022-02-21,United Kingdom,38409,18654572,0.0,0.0,145.0,162104.0
803,2022-02-20,United Kingdom,31170,18616433,0.0,0.0,165.0,161959.0
804,2022-02-19,United Kingdom,39693,18585423,0.0,0.0,156.0,161794.0
805,2022-02-18,United Kingdom,47685,18546205,0.0,0.0,157.0,161638.0
806,2022-02-17,United Kingdom,51899,18499058,0.0,0.0,160.0,161481.0
807,2022-02-16,United Kingdom,54218,18447706,0.0,0.0,170.0,161321.0
808,2022-02-15,United Kingdom,46186,18393951,0.0,0.0,174.0,161151.0
809,2022-02-14,United Kingdom,41648,18348029,0.0,0.0,191.0,160977.0
810,2022-02-13,United Kingdom,41270,18306704,0.0,0.0,174.0,160786.0
811,2022-02-12,United Kingdom,46025,18265918,0.0,0.0,166.0,160612.0
812,2022-02-11,United Kingdom,58899,18220515,0.0,0.0,164.0,160446.0
813,2022-02-10,United Kingdom,66638,18162199,0.0,0.0,182.0,160282.0
814,2022-02-09,United Kingdom,68214,18000119,0.0,0.0,182.0,160100.0
815,2022-02-08,United Kingdom,66183,17932803,0.0,0.0,189.0,159918.0
816,2022-02-07,United Kingdom,57623,17866632,0.0,0.0,180.0,159729.0
817,2022-02-06,United Kingdom,57337,17809459,0.0,0.0,209.0,159549.0
818,2022-02-05,United Kingdom,63493,17752892,0.0,0.0,219.0,159340.0
819,2022-02-04,United Kingdom,84053,17689885,0.0,0.0,195.0,159121.0
820,2022-02-03,United Kingdom,88171,17607832,0.0,0.0,230.0,158926.0
821,2022-02-02,United Kingdom,92594,17519708,0.0,0.0,249.0,158696.0
822,2022-02-01,United Kingdom,112458,17428345,0.0,0.0,264.0,158447.0
823,2022-01-31,United Kingdom,92368,17315893,0.0,0.0,259.0,158183.0
824,2022-01-30,United Kingdom,69007,16478467,0.0,0.0,245.0,157924.0
825,2022-01-29,United Kingdom,76069,16409459,0.0,0.0,261.0,157679.0
826,2022-01-28,United Kingdom,89176,16333980,0.0,0.0,258.0,157418.0
827,2022-01-27,United Kingdom,96871,16245474,0.0,0.0,302.0,157160.0
828,2022-01-26,United Kingdom,102292,16149319,0.0,0.0,264.0,156858.0
829,2022-01-25,United Kingdom,94326,16047716,0.0,0.0,245.0,156594.0
830,2022-01-24,United Kingdom,88447,15953685,0.0,0.0,280.0,156349.0
831,2022-01-23,United Kingdom,78317,15866316,0.0,0.0,256.0,156069.0
832,2022-01-22,United Kingdom,80263,15787937,0.0,0.0,282.0,155813.0
833,2022-01-21,United Kingdom,95787,15709059,0.0,0.0,306.0,155531.0
834,2022-01-20,United Kingdom,107364,15613283,0.0,0.0,256.0,155225.0
835,2022-01-19,United Kingdom,108069,15506750,0.0,0.0,281.0,154969.0
836,2022-01-18,United Kingdom,94432,15399300,0.0,0.0,288.0,154688.0
837,2022-01-17,United Kingdom,84429,15305410,0.0,0.0,296.0,154400.0
838,2022-01-16,United Kingdom,75041,15221366,0.0,0.0,293.0,154104.0
839,2022-01-15,United Kingdom,81713,15147099,0.0,0.0,296.0,153811.0
